name,lat,lng,place_id,types,photo_reference,rating,user_ratings_total,price_level,vicinity
Nepal House Restaurant & Bar,39.9849801,-105.2386613,ChIJSfk7TzDta4cRw-8qPlOhbDU,restaurant,AeeoHcI3a3RvVoOAFiYRiHRZDehREJLfWBxWTO2g5qt5ybhPOQIaqad_elL5bUgeBZ31H_ZJpj7etDbWNJauJnJY4NTI8qfHtamm6rwg5cyHoGSuGoSl0OIiHAFcQDUaS8tBnAES8-NOYTG9VWcdILXEDUhxsKWNNluOrPW0IseXF8RLywEe4exB3Z5XMGi1_6BL4_WC4vg61_H5jvUvxlOMufbFfDZZpLKE3mW5XC_6UGSQUD9-QM4IXo8SXCyPYdcJ_WqXEnk8YhDWPtW36QbOuEnk_xAQ-gjzVXxSFnuqcIDSFJ23BmErOq_uIhmN3Mgw0SU-CbF0x760yLDDpiEpCnBvLM2zHUqqyQumzm__ZdHo6bTkOFNPPFWgpsMs90r1P2IZhkc29PArr_SPVpB4siZ-jQrRq0BsA86kLjK1D7tpcaMIHy15P3pZtrxBOHTBx0neyvoXnYAx0LJHw8UV6_sck8saYY1Xh6kTukXckxyM2WBUnuehqzFArWpETYt5qy_22v9tzjTGY-Cg5t8GInHANoQh7QyYERqc-zaEjUcOVWpVgxuoHKU7XESidUbKZGaKfEee_JczUQ,5.0,167,2,"4720 Table Mesa Dr, Boulder"
Bitty & Beau's Coffee,40.0183667,-105.2761122,ChIJ7YCA1wjta4cR8YQfbVRMc8I,cafe,AeeoHcIeOV76Q0w83enxk21M8eScR6XqRL3jkoLEXQMLhwyM2qM2_6tvpygDpWSQ9eRLjmzPm7IAv8RRaogZWeFWN55L5Tr30_-8NzBW7jR82k3pRsiHV6g2MM-_S8qBjwEHqZezVk3xeQGuAf11RLY-KE3F6YpOwi-i6H-5lVnP4N6bFjIW6eeF8_UHP_gF6o2jUk8VwBw2qQrWeWSpKKL49ic09kuWr6T964o4exM_BuP8xqkbeWnvSu33xq_6JxL7ckY8TLDpJKM1H7XyRTi7PMWSI2QVFq5bPqEzs6cIvvuTezYeMg0Ak7AjN0Vj1NTZfwLV9ugXBxiryKoXYI_Dt1CX3-NIyFLy9IsrUiHcfGTjWQZYoBjHBi1_7ZQ2Cxr0JRUr1-deQRnI7hV5_B0GPMXGOWTu1YxHcxnGwosVOxu52c-QKcQkUgwDYm-u5d6vCI1meILYOHpYUGgicMvc6fjRmQYZPaBhSVCWIotO4wZ_sTypfNwzsByLVuGU461glhvNtT6Isah9sx5DXF19eL0WVay96VnnBP8wyVmkz0-1_nzTaPwt1UlkMaBzILh2OlGomH-p,4.9,372,0,"1468 Pearl St #120, Boulder"
Myco Cafe,40.0154573,-105.2591083,ChIJ7ce6Ipzta4cRQTTJ6p6bE6o,cafe,AeeoHcKb4lVDNZFqcBo7MvBhhivSJq_XooCl-vezAw90LPmDalcBhNTG3mfdJfSiiWq5-iRA0kAmu4lZ9CDy--LxbGBBpq6PQrXYYi8KIMls5oqQJDxhEtMsmf7NzNssCeHFlBdiFLxcDbSW_ZIluWe5lZPH8gimikLOV9xAWuaBuqYrBVr-2tziUtfvFLafyYg8_iV_VMMzPjf3R08v1J_GZ9f5dStYA2Ru042aRUYf9LFc__kIJX3pvskRvK6qsBxl9EwqZ4CjaAwd5VPWSQQqh3pEPLE6AS1PmOogoe8kIQAp98CFNIYLEE6mM2ZWvl2A9vmuwbtBkYVuIp6SeWgx89Gf22U20S-ryhEMaMqNOCvw0eFMi8ng-oqLRmxBFTSaYQDT_P-8kdMFtkre24dP1gV-BGk3B-3tooKiZIB2MRqPAjdCn3dz0rfnxD2njJSVyLasYghqXi_xTioIrrdscpJn03En_8hJkM3WFWrgnWBkDW2wI5ViaQB5vT7hYAZ292Nv3cfCgL-Mj9OJnTiuZOZzxCfc2G8NJyEXFza8JguVwIOnBHqnQNskKb756t2e-sd3qu5EOAW9ew,4.9,147,0,"1629 28th St, Boulder"
Ironwood Bar and Grille,40.0114098,-105.2206426,ChIJJXoHA_Hta4cR48amFvk6CDo,restaurant,AeeoHcJGaDWa49F-4Q9ECJogk6WCMDXVibbwphmbsbRne7HJfiftqvygWGH6okZCKY9lcJ0PGzaAtrTAi5bj7EbaxRQTDx_iCEPa5RqTV9Sq6aGKTbvqheNymHDjewAguvyt-eqvzokEF2Uqvhz3CJqr7dM0aThqemKVxWbnCdugi0C-RZDNe5Ak93NdBV3VUAPj-F0BMvwbLKxDA-DJa3j45st1b_4FSP1IsJD1OZ3k48f3uCXss20XfJuu9XAWYO5fOLEGgf2BiGD318GsdbfNV4RhI1ju1AQY6G3pQBi0gl3UcSpJvuo,4.9,14,0,"5706 Arapahoe Ave, Boulder"
Ampersand Coffee Roasters,40.0732564,-105.200829,ChIJ72k4kTTwa4cRU7l9wvM9_Ac,cafe,AeeoHcIJARI3lIrZWX70xayPCxVtCNFZft1MpLYy5NxOb4Wu1RmLA4APVmoCfNaAUT7tM6fOEBGBUVLB35Wz-Oeput528ReFbdYFXBRzbGdyuvYZJImG5LEUkxxJVR5IFG8h1ZdBmpTMidYBQE0lqtTuLUgPSEJPbGsFl0nPv4n6UJ2AyuhikIlRM-vpIDpMcyjCdDD8LZAHKj_K9N9K0tn8VXYo7sgm2LIXSwubJwtzWBrBPjjxNr0cSpKB5yJF6Ceh5ugQE3-dje-T34ABV7_-5XLiPE6seCFyLGWMZt_mbbFArhKhla2H21JX0pIvXSKVs0SM0Kq_ksMPYyYs-8sSI4GTFgA8-PnFaLlrII74w-gIxHZD2CewpCcSCS-KBlQqTmA69qoNTvSxIHCTJqXbKXIK7eHQ7EJCgznyWSaM746bmMX3H1OBjflCeHB2Ag6D7-NU1VhD1m4jpVT3ZPSWZzEJs3u27hOLbjENySRJhOJk0YtgP7CkJnSFSmWOiKLnTXYqRzrj3a-JhfzhD88l3epJbphxsSD1IIQaasWKR5PjFRvMxxVqRL99OXzcw2Dh_Ffq5SpG,4.8,345,0,"6560 Odell Pl c, Boulder"
Trident Booksellers and Cafe,40.0171538,-105.2829921,ChIJHSJLxCbsa4cRkw2E3vTDfzU,bar,AeeoHcKv5khmnliL8MdEMKZagmY-dDFTzRfekEHN2y_86MTqq4ZY_FIn_WNmukvIn5CHiqNUCxOezPpT8OA5Qcy9QYjGEErFYYW9WTf2BbQbo8JL7Ny2Na2nmH_MGpqqOj9azsCr3bHPa7eBz5jye-6zN1ooMR_ChFBmf43dTPb5vka47eiI8fZP1kmDe0GpjCiYASJAwOmv4bj1zwiBloEDdZaOaZYtnIfLQi63eKQoN47To7Jg4FlkRu2qPK0X2Ob1YGbZfjjDDXuT85XXSfIt-tncleAyTpWOLrKZY8W1KBHITdkD9eMwBw43MmcG_Qdb8tfQ3x8RN88T8wCjjszb9wZPzPzZB5pEJKTRook0AYDZ9qE8AYfMjJYJfjDBYIrpjhtE_R31T0toYnL5MTUB8Ug22ESUfwGcTZEuFK-Zfk7Zvv440wS4Ckzqa21dT3eBazzvEmthDS9bQNSONcETKTobzOiB8D8cj3azB-UxP4Vjqxv_qAoG0j4zr7L7PrnqyRYzwIkuzR0TrnXdtOzcGNUR8aazPcDscnpxmlds4-eWlhbjgs5GSdU-L96q2l5F4ca3D8t6,4.7,1269,1,"940 Pearl St, Boulder"
Postino Boulder,40.0184499,-105.2761386,ChIJj37nUUnta4cRaJDCMe5YaQg,bar,AeeoHcLqM91NmuPMDDCZ4dkccqAXU90dtDRscqoXYc1jEgRHLFunpkEJhcBiIsawypP6dXr17iRR8bmd9rce3yyDY1e9QVrFkgY0pbKBxaqIoWoW1K5PfkJ6Z-DpJ589hHekg9s9K0e3KOv3OK6RIkYBB_udQKvfyVBiOfgIl_rvezRRYXCZnKXyYSleRekhEeSM4BNj_UbbuUSJlUCavCUcrGIKa7I27PnSnVjyj8ASXkQZrhO0had9cLWLJLsRn6a59Im8Ckfw12Xn531K7AjF_R7FsrxqWRJWwwTqulvLO3T7cdfNDfGd8_PGkOU81Hp-VXojq-fwVhPiC1sjuOrW1B1cnqqBsfkTbbflgwACqS7jzLESeAkirTA4syfPWmGEac73xplHnsOYjudKctu1BCTZw5vLDJmqORVT55Nqv0R_qK5UeUrdpPFtg5ur-MLdPkhZrXA_tomNGwbaBdkyUOKpLX-m7bcccPXwBjlhT-sgiJnH53yRKMqvY8hMi_qpUfRTY0X5elQN6ZP9w5KvH_QHgXhgz0AIGL2GAhXq1qaXIwtOjjBvoRvhEjWBbZYlwmXz5Sjt,4.7,554,2,"1468 Pearl St suite 110, Boulder"
"Sanitas Brewing Company - Boulder, CO",40.0214502,-105.2473996,ChIJNR0O297ta4cRo3mZc_QoWTc,bar,AeeoHcJWBFQMgZLiBVUg2Ql_ZC3BfAvwAanS1AiYHhxPwk-iGDZKMf4reVK_mUzgySSnh-P8sQ0KkLBlYqQJ0CHUT5rumx_f7b5ISCPxWaFgPHhJkjOnrtc3ZP18TN_k4rVMOUneBPfdck90DBYBmH6aEpQ45UHgNVVU_vh_rSwZe7CSeZSJFebeg_OyPyGU8vLaTuK6SVklWo8VRXvmEteIORHa8RvVCZV0uskb-7xNNyH9F7cKbolnyzVzXlD5cvrL_SReJqWvxdBcNsz8zLTYOXoahFp6T8HfJdXFB8uD05FCPecnFWYhvdMFfuVJn5TXaZu3eibmk8EGx521Dqlw_hjZQzg1mlHDibWpS5g06pItvrEBsE5vHw_qq3x_Vk8q2GMZcyPY3S5NZZDzeJVTtXSOiMPYH9aqIEI9PTvefNZBJx2Brd4QohXiVHEoPlnzCIwS-G_IJRfdlxpmmyBjE8QeT5nl-Tn8_iTJserfXNjxJd1dj9XZ-TfV2reFDvzFU0QcHKrFZytoW0CBQzxJJmKsMSeF7mUr9weanS-zf9-RQNJoYRfElN0l6WWgHk-dqn5FgPpm,4.7,554,0,"3550 Frontier Ave ste a, Boulder"
Upslope Brewing Company,40.0202921,-105.2184739,ChIJWfRG6Qfya4cRP2by2QjKl3M,bar,AeeoHcISgHRQAb7F92RMSR7Mg1BCycGh9Z_3chftdl0rM8L-WM0GnEeYq3r5k0GoxX6pvIIvsVoIOUptfwWZIa1ATDysM89Grq0qM-EyAoZuI3ZIOX1wMJllzf1lXTc3QZ9A3z2ng7f44HEm1tr3c9jx3QhuNIZwrpbGf_Xjc-uWZjldBQmI5eEq3m6mKUG5TV2kYw7Xsjlb5mcQUALgHBqWObvkhQfYdoW4JQo62NtnijXb8TCzf6DohpoMxklJ_qFGF2sYcMQkWZ5GEt52TikZvcVTlURbYcbfZlMtLeFOXBQTpiTWGqyu67_XcV65aIBuokPjGUwWnUgwMZxRrfjoC18s3MesGHVvd9Dd5Ek061dfYjWwBh4AOATNat8mJbEZ3NlEJuGnFAmU799wAEOqQ8GVqXVQOpk5p1u89Otx9ZW995f8XHGssDh384JtpP6jCJeL9MEke2KolEzuMQnGg_fietd3t7wPygs0aRbBdivCo_Ir1Tmoau4EJcy_qtIXqWnbaE6Hkmo1CMTeII5-XzS_ZK1MWdxDJ51_D7ecw-j6ZpWfHKtJ1-PQ-AUQfenIc4ZJP8LA,4.7,508,1,"1898 S Flatiron Ct, Boulder"
Jungle,40.0178585,-105.2825947,ChIJ4bCzFTzta4cRf0--1hTqlmU,bar,AeeoHcKKVJPBRqchTXp7GUH-LqINE1m9FWp4GRW3DIqJJMcWnJ2q1BgC4K_BvfX1lyAypdPvMSl2nuk4-6NxPhNXfbwgn7bwakzAtp9dBbElQ7RqGtSQ8jHO4islxPZAu-J5Id7lxAPNar0S5rlIoJOOG2uLnXAyL_C7VztdW7jUKh87lTMrtY-axkIMft2HthUBDCOmvS33dyx0xlZbJ-cHE3QGDY-SKXfmfTQDNuOlfL_2Eh6FEeX-k6r4GByGYJPSQ6GRsmjP9mJhnE1q5cLeb_h4h8N83qxBAn6OZX-bWdIc8LJsYRxEoW0rZ3Cm-SxI7z8Eu_2GFkvOA9bdD29ZJQm0DYdKL7frgLh53cq4B_lP8OOgwM5jKjP1xTr1GwkrydiBBnG7smZI8fa8OA29OBPLieHyEX1SYJUnOx8NBKIK-rfX6gQIsQYhIyrbfzP9NFeQvKHWtwcShyKKO7gK3V3CLfeXxdTmf3-GB3UVaI-WMRwdadQNcTMmJIhL9yJWnP133CI1oTrqb6R_SYbVnR7gHKZ91oIjiZY9PYN_F4NJ1RUIGvBwP5CppP5zGf8dmW2bPpLcjm7kbg,4.7,372,0,"2018 10th St, Boulder"
Tonic Alchemy Lounge,40.0176187,-105.2828873,ChIJyZ2j2ybsa4cRXKyiTSLCaKE,bar,AeeoHcKt8FlQT0XlK4zAMeannAPGnPSN8U4Ec200N_WBdAih4Xzkozf1r3TL_i17J_GDm61pyxeuGBvjCC7tFh2U7af5R9hmgNcgXX5IeiKpIQDy0NAkYSe8XLv4n_75bqyXGlEYTQy_WVbNwDDUEwKc25JNjrL7-v6R2o60je3aHbwEm1vQsRtM9q2yTa0jxNw8PCW5xDwjI9jMNwhxg4KDbwz47MdNnQGGzohmbRp84nzibCakOkOZwOkpBXHvxJJu2k847KJOxZENom0eOw_kALXxI_bcFuulJ0bMNJicXVcnBcYqFi8,4.7,251,0,"2011 10th St, Boulder"
Pedro's Tacos & Tequila Bar Boulder,40.0180353,-105.2807166,ChIJ_xAbQrHta4cR17_9P8R2pM4,restaurant,AeeoHcLYF0KUD3NR5-eR276Q4OsI8Mj3CfntKzDGSnrT-p1IHp1Z9hA3BUsWljWuHPRHgyuC-WCRvN23D03fGDNBgPTW93jd0MVc2ZFqXRmnD9zqXqudvjlt4n2MbFWRtON9jP503_dlhka4s0EGtRpAZ48ZOYS4ncOfGfY8UPO6sjeteBrbkRI13DdjJwekDaFxl5YftY7G1cjue7XWShdLAwFkk35TkM118qYf1A1DrzA8Be1uG5-Is9AQlHp65lFBOWguIXLbIwFMNoCwjpiFqbij3TIsuTccCCJs5HilzLCz_YYu8Pw,4.7,157,2,"1125 Pearl St, Boulder"
Beyond the Mountain Brewing Co.,40.0645151,-105.2147596,ChIJhbgkHtTxa4cRRZlZf5u60b8,bar,AeeoHcJoKYlwBnJFgxNwSr2nvaTxYQ5TeqjSagQ0R9F0WCc2iArPiLK7vr5amtDnvKCxWZrOtwhRlBy3ewL3I05Dmi2HfBUWcBAzV-IXL0PrhsCc-DRowmce_9oUXek_bux4ItPqnsmAinsbZhwqi-h4Q5x1xNoeK1-5GdyXHVXdjHJaaMfEJ3frFuDhfX5TPyfbikoUv-gAYKecms8tC2vFv5whkJGsVhehptnY0lpZX8nseG44KQlHmlIhaQkHFFL4DwJIU63jW4jJ0PHfkp_3fRW5yFcNnoiOigMmbVm4lzM4gwqMd_zkQ6QzTwN9EbbOTSrAmOn9d-lWzJKwLnNealBFZBLEvsUMMyq_Xt5jSYsbfYtqsBh7ZDvGpKUitul2nZRcaWUQxEgETNfaSrsmn3SO0zmFvaH5VzJzLH2-IJnhLZ0Zs9AxMxp9NI-G-67KHurLYLUgW3CTrHPB2O870JwrtiHFX3nwXfgb8Rg8yLIUnbpLExHhVRwcCOQdQaYC-HPBcEaVm6BKjFrY5U4RHMO5IaWBA5Ha4Y-0Kx7JtWByGuM3PUnwC4Y7pwcvM2BD2HphKuKn,4.7,157,0,"6035 Longbow Dr unit 109, Boulder"
Cristos Coffee Boulder,40.0185643,-105.2800076,ChIJyyVLtp3ta4cReHyvdbayztw,cafe,AeeoHcJaAc52e5LmtUQJK9OAj_ib2o6ER2sIh6E7qFUzbhEMhdElgSyPlQjuq56K5qohVAQigfH2SlnoS0SoEx57sXXt3YTjDEWNY42o8E-XOBrEgVR4GfoGW_hPa2nKv2S40aul8f4frXp3ddrJAKgKKmX7gNpJeFlhKwT4RwIUaNKjapCsCzCj8X9Ho4zChpi2H6Ti38Z4rQwmnap4U2OkcEN-gDPbG9X7oe7BCnW-zsU4F4DYBuSO0KUYzlZqoiLmnVGs8blFDU0Lz7Py9cf5JAoBOUBeKRbcbCwxqbSLX6_zBvtKixdXSUHaMnhIpVi32LgteTIeW8NzxTbejxoaufxBDLeQDlgu6F5gu4W-Q4bRArcqbh8aPzhSYqJ1CqVOIpOwqpzkjTN965a2UrXOCtIhPHTCYO068SB7Mk_oRfXfCTdKvm6xTha_vUCJwgaYDime3YUSACMI-0bebQVxRQVlcYfg9EYSUEW6nd3Y8WqsHXUzMTm_gCitrAoaBcR_QUL5Rzj_PlowMRjk9KiqswKwDgYJl-yny44PiJv0ialjLkwpuxje-pcoyKm49qzexn5ul-eZ38ChtQ,4.7,59,0,"2052 Broadway, Boulder"
Rayback Collective,40.0296156,-105.2594556,ChIJtdu8_5Tva4cRmAogyNfTzFw,bar,AeeoHcLMbb3ZLYKCYpFXkHF5bCxAxxL3YeSzoYRHFODR2la1rb--b9S9vxJ27z0INqIotcAglwsahOxTv43dHh4NJZC2qyAD5w1lRKjTuxQQKy1Z7eGMTPgvpTg7qhrF249dODwVxiSgqu12csfidRB4yeJY0qtYU62HrLv81KzgWJlC0dq2Bv6mMr9dPAR7o6NK49C0lG7vLRKx_zihkQ2s87FOfgeCEow2Jd0IaZCbgwW24XHa-Y6lEZbHqOlUMeID4oXw0VItQO6ovGBWSeTPLDGmOhMSTodjJR4kV5E6qBHg_5Hc2Tc,4.6,2535,2,"2775 Valmont Rd, Boulder"
Mountain Sun Pub & Brewery,40.0190124,-105.2752075,ChIJIVg0_ijsa4cRGkwGu-Jw-fo,bar,AeeoHcJ_VOEdKdEOVG2ynhux0oHc0gLNCoiD80svhZcLFmyOCIIt7BMJIFgQSFNkjJsXe3fOzHvfEgL-iJJlMKJzSQZsUI5duxbxSz-j40c5Q0wTSZEVojoX8R7cY5UtMHhHU8Cj_X8AGnVnDhTiePnFTizg5pcpkl85YzDne7HcGreQNqGMshpxKSolF-USeI0e0_hYqv1e-zQeEO8K0_Txi5RK2dmJBqiqO59Kn9-zUhLwCi5g11MCBToohcnz41039obAGzwxIkWQ5tYOcQzSq02pN5-InuiSWmTDCLLsg-MEue9MIeCSdMA1StnxmpBxQB5JiEN13I0rrAfzWRqk7v_945eTJSeR0t5E8FQGVPGX4BGX4LEqVlun72wEkGAgW3H6RvGsdojpd1KlZs7QxlqOlfeBDFuVlFR5XtWU0ac6wUcSzHyYCPXZUjlDsLD_2qSQyUJ-dIKcSLM6Rl4pVe21zIejOSsZ-_uv5UvoTFbkRazEtRyGZ9suCD31jn-zzPXIHoC_z1HCmHYChh4-psoo8zGMW0QNs8SAnlmnb8SW1iGpRoYt5HS6jX84KlWE5_KzFsMr8Hz5cA,4.6,2344,2,"1535 Pearl St, Boulder"
Bohemian Biergarten,40.0187579,-105.2790487,ChIJ4SO6Mibsa4cRBZeP0LJs6xs,bar,AeeoHcKBWyoQJLPD27BiE9YW3nM1UGF4Pie6QOPR490YCxpoWa5rXYko7wPUfLWp0m7M74xoJYoVndCN2MlMVCgrAx-pilr_gUBdT33KK2NuKONUSGPVvzS1ZwzjRZDhBiiX5Whh7z9d1ZpZ26IDho7K5v8DXBfPQk1VYlhRlEKBMkvI98sxYyU2VQ3x8aQQZRKRODzM9qpJ6JhqYEHzt_P8ANWWoK1Sdj9vFct6qKQOmdo37L6l35IJE2GVh3iZ7Wer_-rUwn1razz7YjViguLWLOKMgGGpQHNjW7SfoY2sTtN6QTycPEk,4.6,2137,2,"2017 13th St, Boulder"
The Laughing Goat,40.0194962,-105.2731278,ChIJN_-jnSnsa4cRDDn5vjGB7JU,cafe,AeeoHcLAaB7_2Ql2Fr_hxt-Sl55ByEF_Yv5KRFO6p2f6GQ4dNEuFnZQiDPaFZ-qEbJTe-tLb1yxwR41m96w6T5CbdOJDR5MGtCKhs9VeEvVzeKzhjvhnzu7_oAMxgalqT1bX7Dnf1eRsT9YBdmaAJX8eX_1zJJc_rIf79guDZ5eVwU8ueCxVaRUk6EdzhQW6-fa64v1v9PW0MtgBG4dKYTCE97j-M4kojw1dev2aovdrZIpdAb8I0aBbSeiQ_9kXXgmQCN4iGO4YXhuMgRUtmzkjesNbHCyf16RLxZOdbzWZn4lZlCKxa4jFummVUN7tPfM5i0UmivzFWR3KZ7q3ueIfUygsAGy7TYtTVoRWw1-hGcfJa_KUEk6khbpvFrBikAje-innV74DaUrFk06aNdNWRrt7ozE5dmwDtYnyo8tHmMCManCvozWbobt6q60kLayFFQuwviD7GAWrwB5bU0vCErNps9IVHdCcz0T5wvtt4gQh0Pu5dn2TLWd_vd2ASxks88pD9KnQ0MjZpVexCXjoSY_ZfnNfe1lG-9YUFw2nq2EMgOonlNQc1B3qIRuMpVuCXPFAl19rCqd3EA,4.6,1491,1,"1709 Pearl St, Boulder"
OZO Coffee | West Pearl,40.01756839999999,-105.2821712,ChIJhSE25ibsa4cREVN1cLEOh14,cafe,AeeoHcLLcDp3L5Iu2H2A5eSs3szoes_H4tDc4gUFMEFfFyFGh1lByv20uipGk7QD_9f5fRGB58M6p2TrMHVriFQFl02Yhez0a-DfUHYZ0T0W8tRaXQ5CtPAxYs-Gw2cKTjMOk49Me5Dof276N2ozN-P1wEDcKuGpFrgTSakIbpkf5MMwFe6UL-3GvNgOFvco7xwNuxs2GI1_BonUhtuEzCvQeTYynx2DueyfKVOvHW-PQ4SNAArzPaUIjvGot6ywrUmJncx2EOXA-NKGT5f3FnPQZPSwSphtsR-ijxcNnK2I9oeq3Te-xfkSLR9z536dgT9ic2WcrlSuuOuDUVbD5ksgEvVy1nB6mhaOPhFX2xxz9i_-u6Dd5hmQDTxpsm-93jUrbhT14nVOnivy8vJfRlJtqa2fcm2fwRqNX3ChpCAJbodYZLqOjiZkdbqBbXuxQp9J-UNVJAWBMYXWLiYnCV4x93-2D3JVV6LwMrBdI8w2MTOu3F8Au6FV_5ljyjKYtAWyYFbvuqpe8vxhheXIX1Cb4u_H_6E_Yzu3b-4c5r_vFRcMzbB_ilc9egDPpfm7VRgm-3I44ryK,4.6,891,1,"1015 Pearl St, Boulder"
License No. 1,40.0194249,-105.2793016,ChIJwa5bxyfsa4cR6C5L7eKShXw,bar,AeeoHcKIiBrqb1Sx75w-xF3Bs-Ai-CXKwuys7PaCDfSb_We2fP5OEc0zxCQHXRQtHSf1emvdb5NLcPudK_SfAgM0BEjIGwL0TNsNhUtNFt59UvZgv8JXyDft7YUQM0XHGxYFOnmOaXIAweZeEwc4Gh-5aWqadc9vpVKPuAs-ZmO-rXRBu_-8Xc90RsIDT4osFyxGPppS3RGBel-NQBIeeEav5Ecdd1kUcXZNgcHC6gPgldQIvbPMaCbnHt0IHJJRMKOh4qUGT_QhOxtr3MWfCirXFFh4f2eWaG3sh9z25k5lfT0i51uhpMJj0ldIY5ExuTOEmI9bpCf7oQOB54Ik39IuycV6fd9GJThS4L_GWocuE_WH-kvBOOMCfEMJS7xhqCYS87sWp3cTrdR2mhxYyxowdRBw5LNPLOHlzfW8jOzuP3qUX6yF_zOzK295HPhWZ1j-D274V0jeLLL0kKqD7ePArUFQLG6xji_DrQLNlMmS6HnulvX2fKbHYgopbu0PyxKeEi0boNwusYU6sLrFFWE8dK363M1fFXUHVBo8eKSluNcL8o2i6nEcj_pqf9RtwXqL7iVyrgpV,4.6,547,2,"2115 13th St, Boulder"
Gemini,40.0178367,-105.2808434,ChIJyxB3hC3ta4cRVTOSvXIoIk8,bar,AeeoHcK2QDQWyn4v_4KJioeP24VFIFs4AQBW_tKpcLdLWQ_scjUsX7wnvB1LILAj_pgp3k7FlEbUVJRJpW29WQOpN9XL8uLFcopHJhtnByA5FZfPiHnkDvLxG2BsK_fkJGjfw6Gx__IZAyBmnVUhTEKr-iY0HbjA-NMzFIv91DMk7zmABPEYHvC1Lj7kN-3jNv7ycwyOj5Cf4zd-3lphbT7F8ix68o-ZfSVueazY2PpsNyFobpeBCn_AJx3azRYwRSCEjv8IeNF0eGUdQkwUenxALf9jFFLtQd4nlz6M1bZt2xTX2QCGj1MtRxJ4w_v-UTwSnTfMoZFQu-czLRF5GqD76F53_Jx11NvviQgaskYX58LHk57kyQ1Dcw9spE7WUGzufICvZ2tit7rZmpdN8Mj_q87_JqqKQUkH6Y1x0estogTYK3UVi70_uiDnqBf-JRZ2IkOI6PmRGQtForTbLAu-v6LGkv4LPeb3BBrV25RynHmNSlQ6WqmFq4Qg5sk5jP25zC-0ksZ_BI8WKgiWIvQJTHJR8-fPM0U6j1ykO-kH675lNxn7hgcfde2NrIUldx_BfrAMbkd-cVdg8g,4.6,326,2,"1115 Pearl St, Boulder"
OZO Coffee | East Pearl,40.0190303,-105.2753518,ChIJy8ktcGXta4cRF1QDaU0OHlc,cafe,AeeoHcKf0Ozhx8EYqDHotb3ywac1W3xTji38mCunDF8F5GxM3oYG47e0nxq6mts9Q00QmZFuozbfcGbJZ1GHyQN_jdWTwDYD6KhNp6HLv70qM1AwFxYXaTWeeYBqKy5d3jUuILJk8x7EETHiAw5-R27JcPQbWeWvcPHlRJPiNb_MxR7TV8bMreyvz3HCqcrYdEyVxxomfzUYLYwOhrZi1uYP97v-mDoWmIZtwrQ0dNcw2TXFWuPArQdwmKeiHmi6M4ah1CvXrXtqm-7c3C8x5yjp04MvCz9qYSwvj5m3x0RALRZtTsb-egruaxTna0MdmrHv1qZ39fkZ3T9bLLYvAe6cUyHsmmclTRkp1o5kgCRAmTuz-W4dBLyBPgnnhBsvzQOMC1YjWcBWOPdClRiQMa4fJ3qXienr8EQNL4DGXbVun0O_35ZfSZrNUoaKN1EnpYUY1PIyldrTOPajQV_Ley3VY-Zc75l8AGvPvEx7sWYrvKmvEhVaJYterBSZBIgKzkQIXEzssoJ3ViFentSVPIERY1q4T1FFUh_5usRxev8NKwSJyujbVXnhRk8J2Q2jIWxxrYgLTw,4.6,218,0,"1521 Pearl St, Boulder"
Full Cycle Cafe & Bar,40.0246411,-105.2541237,ChIJufZMgSnsa4cRMaPsrK9bFI0,bar,AeeoHcLrZwyOaZv4hbQDVGw85KFPEOm27uDAiSlIEDBmibwnKdafnbACCCM8dA19M2XSQtPzEs9nuXLmmVH_7rmpxZRdcYJCDus3vK4LZfzIStNC_Y9Mm8e0OAtWCvKAP0-SATY-Wo1lygePVz2nKzmN8H89IfWIGcYmC-1pZb3FR0kEZIVNCPvt9nZ_FLIGXdFZ5Mb3DLurOf2W8k_BiM0IeB-tDj_GVzEBi_juLYffRprmHYXvhOt_GD0h8Qof7wguB3mBaEE2EQDnBQtHmXHrNBQSI6cqar0I6BjjyyBRIEuxy3T6iEFtDud5xqkZ--9JCSVmWOE7wE2UGiagOFpOqBK60LbSeSKhc5QIlfMS0W0TwMsZoMTIQRIurSevRR5Gs0nuFVOAtzBbn6rMm3nT8Qp43nqdXiF_NaCpj8xrURtBELmoFxO3SSzz2G_OO9lF0pgHeAqR_yuDDw8ZOVE528QpSW0yA5F9oMCh9eyr7YoyK3xaCenG9XwWXYa5Umx_AWuamlnVEILWsEMoWyDZYdnW7G2NUd-6pA5rhGxEwq_F5NhPGOMF-hmSL--L0AVeLfAvZANb,4.6,96,0,"2355 30th St, Boulder"
Dark Horse,39.999115,-105.2551923,ChIJDdODrrDta4cRxRvqDA8jbRo,bar,AeeoHcLzXNVj-xCSlDj82XS965WKecC6cOsC5XYrer6B6bVjMOXRC_5_SlQXyToNabJeYvuLENFvAMwjtraL6RiMFSobYN3eP3oFJcRidYCbDKE2ynILd69a8iDu8Y2vTp7kRlMdH_gTMJregi0nD3141GvIjqoHcbsEF-Z6NLJ0hPcrYfDmrCHXbDk_0UzC4PraGMbI9xUVBL3GOkSFEt82YS9ZjWUJ9kArYxilSaWNOjglOc8LRKw0boAP5yG4gU7B0ywvPlj71zs_Ju6RuaoMEen-sTW8QYQhJvrN-abEYn8kIv1_71ewrf58PjZSBL3CvF7fxKuaj_MlsG-LXEZs_Z0cPAgMJOlLTqYyfetHhvexUpghe39XWO2EAkjTsaVPlwratZaN6PdnPDoQDXO1ld6pl2a3UvjriPs4AeqayNay9NN6zE_Vw-3XllUQaA6TwICPHu4qDgG3JQGWnSZH2ONwA_sGVtBixCHHWZX_uEHvTlu61GmD9_E6SofX5KjslEcM8y2vGdDeojULEFnRtSYTgeDXBxopdfe_EsZDv5C_FYspeuJAYWIJW7WLMRdQrFaFKZ7i,4.5,4014,1,"2922 Baseline Rd, Boulder"
The Sink,40.0085813,-105.2764048,ChIJ5TW3jDDsa4cRkSewKsCsNSE,bar,AeeoHcIpZiOdQfLnXRhPcC1yEBvVW2T4SaZ-u3fbE2H-U_At3Blo6fgKbF0eFHSnbNe933vRVVVXjIkQbZ-P239e5ABLzmiQwgYcA7GXb_AG7EF55aXbZ3usAcqo479aujmViNLFKz3Z1wSjSmIrS_41g__LqyMk_5h5iMw0bb1xSLCXy20ThJ-ad7lVyQDXuysIpwA9_miAnMvqmvli0RNuuWy_UtNZbZXgt7sQjt5hF74N50X-9XVaIyWZ_BqZbeV7BjlgsSr0JKTsDshfcEYDOY8deLGRZ9VYbu3AIIiO0AZArLqpY1UY5ngp-CKU0Rmg7V7IlIOJ9LWFJQSEIZUx8GfkFfJgq7gPpcU34J4ojEX_IxfN_BSJgEs0RraHzzT94d1JizntlTm5ny2q4MQiPlWI5rfMuk69nwJ1eXAxnc_hADwqRrpNjcAahzbbqhpfuBvE-mDEHOi_OYWW7NutBtV60nh3DhW2vchjgS121jk7Ns0YqXFvS58RvyjljWzNkPg_RmLbe6iGJhCPZLBDOPFnDlI3dqJI4tDJ_gvthB4ejgu0R9nWiRshRBS14KyS_jOCUalf4HHfNw,4.5,2923,2,"1165 13th St, Boulder"
Southern Sun Pub & Brewery,39.9843178,-105.2493687,ChIJo4V38Anta4cRLCiqcjrj9mc,bar,AeeoHcKpGJbQXu7v-RAPN6E1jw_3TkvUOubqzk3yR42u9bqcFSfjkLEjpPROuZ0kDqKq-yAjWFG53jkUC63npvTMmUI35FulEp2-UfveJCXJKoCJiOaLnE6oQN0SQScfLgDFSy68HAxSM-2lKRV_HmzhBOFDQwlcgJ54127t56nOGihOUaBY8PldyOrQ4rFvTbMvG6QET6SExXdZ1IIZi_vOmB3k-L2WtNASjizvYwqmEuO-1jCP08FYoJy47DfZdh5QHX4o8DCf1Z9RlFhl2Fw3jaA-QtX5_8P_eyKtLUjlyO6BNNpWY2gpaPbouMnihXbUNcffQJD-cXnVgRj2EAyIsu4tDJSjkFENN4dq9d2XZPVy2qLhYF8PFNrm2TX18hOHVDNImNADqfZPFu5QUnSFhVx_ExAd4_Tg7NMfhx6tYpHlHL45niGBdjVRe6oIyQtvbb1STLJ5WJlURQjCTnjPYZU0ZYQMLIQzHnPybwkWTYDZNZwwnjbbaDLYIzpO1HCi9yzBrTXyPMDJeNAwjHk2yLV7MJGX9eydcN4oW51wYJXhaKzrke1FJ-IWAbtHj81WUtMKqA,4.5,2557,2,"627 S Broadway ste e, Boulder"
OZO Coffee | Arapahoe,40.014229,-105.2283855,ChIJqwVpoPHta4cRLaFmWFThxFo,cafe,AeeoHcL2FEFX970INECYz7UXC5K8vLSC4TRQtem3dgDix_Zcjpv7XXGNVZtW3zPMRUyWEoi_FVE9ixRzntwKGmjOSUaxMfnz5oV1n8FKwRf8HI4Dl_8oOkG56gHLbPUGYqxyAT_-W5Ife5UDow4dzOaf8b_BXWoR_LpK5rh97-sfLEy7D6BNiD4kya6GfUig0L1NVdRxKgmnpLQ-vUAxlLV6ZjDbFBdratOdFnpEgBDTUExGXolSRRgryvxGEjS3sMQfB5P3_dN7uLOAnUbxZmtno8phbEqUI8J6kjb9ib_Sd8GdWR8RzGvNvNxU2s9Mr2iMQzuf5EHXKioyopFhI3PbqWSg3QFTP3PldcDZ3wrddqR9UOJqF35TYaf1c6hz0V9-yrd1XgQNdjRMQSoBLa5nqVYYsu03b4YShbt9w01KlxG7JSeBPzIBaClwli9GVSTxbTIpeCLCECDAE0MsGKkJ_FRq-pE3sUgFDP2KzL5dk29CYLfiKNSDmLs4pI7qvhUabYW_PAHIn4fAp1CUE1B_Z5X0FXtUfb7BWXNzmSJ93T-PZVPipRF79TyoVAqfENE00tLoZkVh,4.5,663,2,"5340 Arapahoe Ave, Boulder"
Flatiron Coffee,40.0149492,-105.2590853,ChIJGfoqwNHta4cR2DfPsUxJjeo,cafe,AeeoHcILlj4tT_muXLIEUymkU89q6dO8zQEiJ9ZF0BK1jD52Spvfut2IlLL4w6o1CPQaTIjV5v0ewkE3WKEdIiCo-sv4M8vihRjQrnyOsA3EC1aaubKytToqjh2SD032xB3cqnj-7aEVPwroSS8nQCgMFyeI2GZ9A0acwq4K8UWSZSZtuQSQGnoI-6PhhPVNlT4rVOi_yFIj9zjWjTxr3DryjXgftsiR4Wbv5qvQODiQpm9cz_GYtEdSV3cf9pTqFgWbisszMlVWb2Xt5tvVFQ5SXdAXGejmLlT-dlevO9cGUMlYYTLZBbsvzXGZTwjnCJ4CNUC8iZofxYue3oeq2UECNMIrUFIyoxJuHQlDYRk-34ijnEJ7KbIFcXQ-c-eg0_23DPDNivKc8eGxqtBDsYB8-RM4vSi8z8kmPwMRTaZnNAsPMZypTNxHm1atcQCpV-JhwihcBNbbR4SeM7HQtBa-bzJIxEA7jZwCVcvv1NWyCmk-DkRI6nGaROUdy1v3F3CpzVZ2Gm31ixHg7PFBvqLuSdso1P8EI6IuftP_n_bKZKNuAVWh8KXUgnt8VfMjzzcdgfQacEcb,4.5,650,1,"2721 Arapahoe Ave, Boulder"
The Bitter Bar,40.0160754,-105.2842236,ChIJqzYHTCHsa4cRDPkztCI68NQ,bar,AeeoHcKZcPl44GvoBWKizfqPKv-WWS4tROyawn4CFeffzElMt_ob6AVnz85v3AT12wB0uNcpZ5Qps4u13Aw2HKUKzpile9kEdIq7uzvfi1f7O869fOp9x-b9xEE_ToqZxEsoiUkfQg9-byEkLg3j2fmZQxO91mzEjzt2BrRn4ldowXqUO01ptC73zbDnOzZfv2soEYWvdNh3PnRCC8V69BlcCbio_Yu7RY-vyCyv6fq-z7O8egjaLL5_3uncV8hbj_8ug2bYU06jDJei4bTWp-j3lN3Yw2fU384DiyXnqSm8VU0viNu3MgfqzfjO8NT064fw67_YsRpGbU4e_aF0rDyTwRiplg41zxNkcyxQNF6bvPR8n7aoJKsujM6xDVhwzgylNz4grJ4gjwA3SDS4dTOPwOASosa98dtR47KZ4RquDFD9s-sX68-ElvI9AAkxVOLhZ7addKtqYa9vcsrPiyHiIxDRFDxgCiSGucdmeJ8ufkBeIL5gvCmITNMPBiOwtQf-YsuhglvyqXQtwXS3rchNQ9if3feuZT4gbp3L5XFe9jC5lbLOWMESwKwykfQpxXQRa6EoAyg9,4.5,484,3,"835 Walnut St, Boulder"
Süti & Co.,40.0195974,-105.2752172,ChIJWZKOYtLta4cRGzqs-LcW2jA,cafe,AeeoHcIMktoEufWELL_E365s1Et8OTJiIaqN8KDNs3y0auBw1ETfOyE1V1EPkP8UWBDivgtQTWMMt71oClQer8vtNosWDyfEVYDH79_gN5nKeWZjQ6ygnr4GNi7ieiZwFRUZJ1Hwy2JYPaVx3eaUWUuTBaRujIEYEYaaAi3XdSdIQru2s1dNJD7Ew-G59o_xdyHyhoGnMzLQ-8HVno7oeoGXXiyTyVmGT9tQ7bIFPCoWSZsgZnsWqHHmh41aH15YQGaS27N5-9NewKGqP7NUjDcGDj2ragYrmmQuBNeRbCBgzL6_8lYoAd_YwSBlSIdf6utV52ochFoGV0j7bwKbkOyvByRYHsiZQZgNmFhKEdZzooE6Gusn_q9a7EbMZzcJmZEgNoqrISEZknbV90sfoyFV25JkrNQYX8V-OsREPiGeOkora_bjpHgmy6UeJ9fnf1MxVFDHvmlKhm8SH9vX-foQQcYzW_L4jSlMDJglagEU_uhKrVXGGLPG-21hXnaocXIC6EUdMDD0oHfxidWJhrwsweh2NXcxswZrKe_m67OcyrdXFqt2LmXQ1SuR7VzHkLUdcL0l27pc,4.5,173,0,"2031 16th St, Boulder"
Alpine Modern Cafe,40.0170102,-105.2568773,ChIJ9ZQ1gpDta4cRjuKiE5J87uY,cafe,AeeoHcJzVQgTfL3h2LwtYk_5ji9ipO2o01W9LEa9N40pAQPPVQM2WY-iEwB9P49RVBi79jrPKaNdfKIAHlysLq4YnXbJ_pH1pzTGBY1zE-3DXnHYZfL2pggl_CXTMNnqwO6Mwla2ww9t1qOAszdUY5bWNrFz2YrYTIkwWyUo3Spr4pTYv0SUD8sR3WZxJ8AndpXmRMa7XPs4dpyfQHXkMWSzoIg6mUROABoaQ07BOHjbbHwR72HlnDrVlMbHEXfjPfF98MkXtWyUiGDz_F8eFn9m8mfFAGkh5ats7Nvj9Xao5WezokGTOh3FH7jDPUyABVk4_4tQO34k4hcgeF4B9ke8i-Ag3W90sOyXn442VTzL5QmOmacXN4Wc6CDfQMliXgYXuIB2Q-vcbmsPG-RA9GCMfjwzLy9tWQgJzkypMqwgd3n5w6ta6tUSnG7CP4AXrjHegguOMMPHa-9fngd7j4n9LcYnAOgOf4wiVYUIO-KH-HUG3uUGlEUY7Mxjg-Q9vmjBxSN4L8meJQGy1zQUI4uguWkrV3k2a4nOs6JR0SwAaBiV4Flga1212RyRjMKlAAC6SCLcDWQhfZ2UCw,4.5,114,0,"1695 29th St Suite 1260, Boulder"
West End Tavern,40.017043,-105.283275,ChIJ00bnMyHsa4cRwFlTprEItK4,bar,AeeoHcL5q8feNMqJI51QY1IFTdCT9b4BX87zMACes0oxWvvn8CrobYIcsJXZgXGygyqiERBBpvBkBLtRw-O_JKaJq8p4ZiBVhOzbqsKHepnL9hyCPQKQm1P21wUJZl-2VFFihCBnWcz1woG_DlHX7ZuH6uZ2-KCzOJl7tT0k4cvgALbVysvc6-Pig5qOg5vnLyYgeYHl8Sv0DA2EK-4Nsc2Cspo6wxOrAQubsAnRO-oiFmBhvFuBEPOADHYdubYc7dCJuikWYyoQ-HaTKax8lFZTfgxS_mOMup445q839baABUn82iuws2drKI_LjoRWw_lNJRA5IArez4Cv1s2P-EcksMqnyLzqOhHGalmuQjG0WC2UYdoq0ZQUIQ6qUEZOPQlnFEd1ag4KMEUJLZ5Cmupf6GUJEc-Dpt-cCtMiEouJ5mAmEmn6pJAtbDjI7UppADbqxsvZROQR3zUr7LnAxRWPE7lOHT0hESCfUtZk7R40GDEVdRN4RpPjUhGjmplUx4_s5gGGCPvLbnY_PS-EwNuW0xLX6rnkYmUCRMHFVDcz3eo6p_EAaQ5TZJ69jWpwWEJ0P-MhYvXAgI8w4A,4.4,1650,2,"926 Pearl St, Boulder"
Twisted Pine Brewing Co,40.020506,-105.2509806,ChIJ0YswZdnta4cRqludvCGJrQ8,bar,AeeoHcIk71IxTYSV5fQTR2VOq8kIxwmp4xxW2-VOx5vin6fUt4lSDZpCa3WHIk3OIjpJdLCHkc0xVHTR-kYuNoe0sOnHiSkXDOju1EvIbWJ5lNg74A-ytrEPHKE2RhoePSs-Up4kzrWYmAmbC8iQL5-QRCsYTLKpgLKfxASUbwhjVGEQxEAXUBLxmyajFW7j2yZzb9-xvPI-YVkzAtp8IDwyZSA57Z0qMTcTTfJ6w0TA-Ji_3X6y7nwyDQ7rG6RJgrGSr8YHlVIUII7WUJwSCUuY3ZySGr3s2lR5WTEq5J47IB8zS88O0S0,4.4,691,0,"3201 Walnut St ste a, Boulder"
Aperitivo,40.0748558,-105.2020648,ChIJRQyviTPwa4cR1alvqcRz4_U,bar,AeeoHcLI-DTVwFxHzji7mmj7kl3QuyRyq6gl-X4DZiGO_r4K6WegeuH3zXrgJAo2IyrL3AuAyNMcskoOop6_6vm2cvGRKlrVajfsh5QWW9hg2NEat0nbxpoP11JQRFMYVt87xhTlkB2okdPjyIkWlYzS0NWLsLb4--cvH0uQxyzV5fmwKoAR9EJ6tH_qzFM0gMAPVMOJBp_cZcbr_F5xbCPO6WsqLtmRVLYdAc7vf46bsfll8w7YeUixw28Ydczt357GaK4UT6tpKSofim5LtHr7Vf3aHHLGmCnru-DLQk1xYnVxuCsIX4Q,4.4,315,2,"5530 Spine Rd, Boulder"
Brewing Market Coffee and Tea Emporium,40.0175706,-105.278321,ChIJTzR6ISbsa4cR4dGSalp2rf8,cafe,AeeoHcIgbYhfqCi0fh8-Kw2cDB2I-swMwz7xXODlt2DPAcMTUwwiR58424HbTYq4x2ME6eeKY3X9zmr_n3V7FmkFMNQW6juw08g4bvjGdKd7UN_p5wubTbcObVomWOXM48Wi5T6ERPC1Juq-g4SZyFCv7lVu8hg0kojDlXCjM5yt_mxWTmRL9Hc1XVCETf1JseMoY5DzLzGWfNl_tYAUjspZmBCIR3HobFul0IGwS__k2CoQMSJbZnSx828tn6cZlR20-mE0zHdN7bXQRss-Jjk0izLAm5cRfbCbfscAmujgBYo1-xuRWoIcjEZtqNOtm9Q5PboMBSqgX2cfUA9Gguv9KysppNbIFwZQuEt8LpR2MfL0Ef-Kz3S5AN0ZRXXHrvZJZBeIxYBS1v8vt7CgS4PuXKLcWVptMd-TwtkBBlRhZnwtG64JoTYohrasjKDScettFJ8c_vQQF75dGwZfglZXyJO6Zdt2nYsO8g8QDUpfylrQbzU5Ow1_14RF2vH2bH0wVlgEpZEJrr8O4pU7C30y4B6pWaz5j8m21Gmv8DTFooNxTEeYu-BbmE1WlDAZl0HNoJD5vzbv,4.4,145,0,"1918 13th St, Boulder"
The Corner Bar,40.0192594,-105.2793232,ChIJH68pxyfsa4cR67RS5BzKyjo,bar,AeeoHcIdcDr8UPFYb6yjRbEk3KOwl3f23nKDzg7FIcXyacZE9AXCMt7nFEvoe2hWqJ7FiNnWriIP_ayE1IKiADz9Zb7qQSIt6onOKHN4K8WoFwR76wvbEcsMCuzXRDOwvhprKi7a5cWCIvI51HnLK8VLglmVdt4UPHlRR6o1wy0ThnSTlCtYNg9eEmkh8kDZC2WJC1lcVgAXSTadu6V99OGPNAzlYI1hVQDj4jmXE9ixdT5YpGJ94-yhUtWPorsQ84xyQb0Na0mZEJTWr-Nj88WEGSw01RjilXYoEqG352F7_BNDsNsAcAdL_tk4tOxjVtR06-PNSQWseGJ923t2OyPb8r9-otFH_KMVwC1u5nKzty6HHVGYQIwsohIZdCip2_24ayo_UUYDX2cEIUozvQEJWYsdV_vFxBBHz-CvOwbvzEXzWBR3DWK6pRnZ2M9WHIEHBq4AOkrkoaaUmpL_DlMykvaVtFvwRiip4gvQok8miWBcD6jWOommuafcmJc-XdMhuAUEKna3gEFU6lzf4msngfdpEBjKCvH8w5wN0GLGajcat6VxppUEofYY_Q3sSCZZKvmO14NA,4.3,437,2,"2115 13th St, Boulder"
Brewing Market Coffee,40.0160409,-105.2623354,ChIJG3SvINLta4cR-cEjhRFonA4,cafe,AeeoHcI0x5zUC83P587nbb8q1PnD5lJpY6O4jJXsun2Rx7p0S3SA43CT8IzwshUs2XX5gM1WuoC5darc4v0_gNWqwAooVDF1LXqeWDpgo28LF30K4-6GkZfFD2Yri2VVeA1KROC33ansW4khGGaQZ_eeVF-zO2CsFpPnTHSFHC6j4cGWzOnpc5cg43jycPj4RglkND7ysyS8vR4rTOdEKw2D_ropX_xCzPXRqS55_135mlh8mKqaFjk65ugh0jmgKGqieoFRnP5tv2jJqXumVm4YhdGsYsK3e4PxGigl9Lm0M2zPFQgtyTdgG2GCW1aNv5dSuX0ALk4hDcQI-sFrOC1Kpz0LpCy3-UpH2KcnF_Fs05Nd-AQof0bHk_cM_UICsA6H5aE-qI1cS6s80-DLsPhkxjL8pcvtvpmtL5GAMRNJblEpE0vXD1pQ8ahedaWStsk9ZK-nIO8DdsZ8mMYSTs9nx8WUQbY4ll4w2-YB9rD4JpQAHbCtrD9PHvX7eaYOuOkaT-B-rKnW8U7CiOXMjaKN8rWIkoglCxwsMSj00KF0Ngh0Yk3NDyV8r0ldT5akIEkbEE792zpnDBNxyg,4.3,327,2,"2525 Arapahoe Ave # D4, Boulder"
The Corner,40.0074268,-105.2760395,ChIJKfKiwzDsa4cR-AsJqz3HTmM,restaurant,AeeoHcK-l-Bx0hY9e2ZTsDksdEboT-bdCscCuMY2iy1EIfrCNbbKAKNnhYvAfkTsnMxdO5TghpRlxSxNcyvnvDv7gmNnPATvK47U9Bbx7H0ENaw2deQEcRzaBtklpJebgdhYvW6Y7pRJ4A_2a31NNRbxHJTa81zst0vCPDjPd1M_VC2XENgshuW2Ra3As1SxLyvKNlWOqi0oBYoxIvaNYUeAgC8URoXrWiBbO3ZJvNFRRTQfYNRyPvVffTphKp8N4H3KYB57YnHRTCwycGnei1G3dD76VvAPaZUhHbvha9MQXzRccLxdC1FGT_M9HoTLTLjq1nKuc63x_Lr585CbFigg6qFyjFXHNwy5gidsMx43IB5tBMtLphytD9NWMnwhap08_c4MM8dYt1gJJElfFLpXsm2dzKYIJH4BAYyrEEufLdHJEPyDtKj7UKeXjnR0H2ib7dCTR74O7MaEasDKjOHR7nibYoDVxf3T2Jv9jIFHmtLYem6ZIpK9kNKW8QIQVQuEQL5UMQIW7n-4TfYwz0L8cON-F9Bn6_fZ56aHIU1U_YuZMvuULGmGsuu9eAcpSizQeky3Y8QY,4.3,287,2,"1100 13th St, Boulder"
Pearl Street Pub & Cellar,40.0175822,-105.2809489,ChIJm7miMyHsa4cRJvbOtWasEMc,bar,AeeoHcLu-Mlc_Z5tO5RFlUVobCH5UqQWoMSbvf_c4NNnixo6wQdIsDK-E91awXW01NqiODNPyTrxunqL9aMM9_xj_yve-MakndiugPvIjOJS0786SUoiQ10hIj-cWB7jnByRdq32-s2I_CrGf5KzIFvEhoY3bU4UBMRQ4EDKHBer_nOq2sxSWGKRbgD_5f2Szrl7dZXHChCVge041qUmRPmiUjqSgOB2hkUc2Jy8YD-oNS2oGlmfhAYmG1u6Ef-0BPZhBkTC7SyobdSnjix--1yYDZ0Q5XQQzPCAjl8j4G8l7SBJ6kbjaaYk8SAMOyrIwHpE2pQTQzn9osCrLadGJwHz6Hhdgo5gcjM6xHu4g6thYCCDeeBTiVKfl60YizKW4X4vLPydtDcApuMv8bvGBct1fN_fcBgtuxDNhZhjKEl_FPdEmjODITeh67MqXn03gw837Gih48UUJ2qCnmeHWbzNcZJKeYzzrtmWsw2aWisZ6Rj6Z0xgm3TogtcJhU2_OjGPfBPDfgPfoSiwo-DlVo1mlNdz89yE_RC55Y5bk_fJYO576RPkKIl4kqw4hI4TmjJD2vzn3fpS,4.2,704,1,"1108 Pearl St, Boulder"
Outback Saloon,40.0316634,-105.2594114,ChIJ03w1cnvua4cRynWNzP5eAsk,bar,AeeoHcLlHPXCq-MOsPkZ7Qt6HyparIkbnpw9urWwzDu5lCnxPsJl3DecAM4kCi3wxxoYa3srHWZz-GpWEyupCyXm8jy1CmhCTsIBDaNb1uCNl-cS90fpTyt6_TvuzBPw9Z1uTz94oPXtyxQ2Eb3px4zbJOsQwSmBxcegO8uYU7eau8UWQZUa0Am4AK4Cc81TAW0iQpjCADYKjsvDy7SOR83_AxYXUw2Sua_PK5p7OnOPk9MvsNc3X3QMxUMLDKF-wtRZYm-gAZ8C6MZgzqSDjh9i9ZqCU8jfjhj7N1gJOF5qAcOzQjt4viSi68Qntca9wmEitPClzWAQNQPbsWUwgwAVIV-fkUJ8nrtPCeyZUhXYkiqGEvAC00LCBOnDqUDSRoJj8Pknsn9DwyAonv4h6idaIzOx1J-AL_W-caK5mrKnrntHdp0ByQWeSlMKDUnUmK067leRPXeg-_qhv0kfmDH75FGCy06H1kEt6bJHxboMvvjnXzWOgY90rZraKWzD_YoAsLgDiIX4-4rXHxW_wqDNbcID_EJnzOtYQagJOAkI9roO6maE0-68ENln4jS533UNopAnaD3klMfqaw,4.2,558,1,"3141 28th St, Boulder"
Boulder Social,40.0149013,-105.2455016,ChIJvdVq18Lta4cR6u6lSlYlFhA,bar,AeeoHcLmaxkbSMznUTa1eBwZ48dHa1ujRX7oPQpEIwrtN5IbKBxVJFR9-vpY5dsxufKdnEoM9JVtbr_j9c3370SqTd-JVrqbiqFvyonSk8cZ37D-Vl_BUDTUBDPaXjliEZAAqWwW9go5rDfLtjxG7_DpjmBkT4YR6TfnoOUzALWthMtt93LSghFswjSLUo-30PP0ACKIgXMmOAHaAR-WUpvYDdfM4eFpbplbybHHJgpmKFCpdtxwthI9v-6ubNmDF90pW8QdV3E4IKYyy7JiT5UOH-vzNbwhriz7YMhzqpD1sAkc3Axkl9s,4.2,208,2,"1600 38th St, Boulder"
T-Zero Lounge,40.0158706,-105.282736,ChIJVTH2oCbsa4cRgiAjSyfevSs,bar,AeeoHcLrL0P6xg2F8CO2EkqHbio8BHhPgb2EwahRCKDNyWTipy95CjvQdeXBTCcpajD9tKBHyFJnpvEj1gHs-h0UQPoffT2VZx-2SaVmFIR6M0AyBKHDBDh8opuq3E14H7tb18roo9g4klLJKJEAdiLTgvxLRf2sKGk7iQlmV-sZJK9bnU0k3dCchlBH7g9dvIDsuq8SDJFFlfFiVafQ2XxQTNXICOha5bK8fBvC9jAWINE2BY4oO9xKk2EE697gSfOgRdi2mUvUEoi1gtTxN7jjvLnDsrUM861AT4PDq9fao8HnXVRUH_URwq4rXA5w1xZLLcgXktn49t1XhvAvbLUZo8Own9blUsIY4IpTWtNYgM9gHeZpBIe0V5TJAxqlKPB8Zm11HT5uvGYX4z92jwmN_IIVtRKgiuUiKUsB6pxxGjDXds6_cpI-n9iYBC-TXCoht7fOht8hmj_5L7NytXQJlrt56-8-jSY6F5dnGDIcbDfJ47sVoDpPI-Hfd2kIBjUmqvf6qCe0BCY4iJ_VmF4mgbLaMkFg_rdR-kZI5eIlxekbHgLP9kqrzcynE1A0Pu6NvKnO3SwvFwsRTQ,4.2,14,0,"900 Walnut St, Boulder"
Press Play Bar,40.0175924,-105.2824485,ChIJueZvwybsa4cRBXgx6gOP_VE,bar,AeeoHcLtxIcDuRBi57yDm9QQUWukG5vSYH2XNvKzTnj8vrFPd_MAw4uEJ5h_Hy_EQxlQH3uGYtrmI5L2ty8s98Cg0XBKsTisw5DG4y65nDMc9RfUiKNr4ALbeW9hLZ57yNQg2CK8LM6eK2o0wzaBv_Wthe0koR1V30G_vVZgZCEUWfrXaLr_bR-8zz3QWzhZeKswA9lgtjgJht5V4ZD03PI_S5kS6TLTbGyd5VhwxK_CZBCPW5nzfFBefUNnL4qQYRCtN4yqGnq7rLFj6oijna_mqZrmD36FEJv8Sg3_tjZI8xhSebCznyajBF8AKGrv2vBjSKLCizaapO2b6x5cTo4UUeepbKGKH9xKaV2Dnz_LYqQpegY5k7YisYHZsKduUry1tSCJ6bOAtBVdC2eT8fq5CNgETDbosyKiWnT6Xdza83LX4ohp4xPQqLT6Vk1Fh-O9PAMURgbm7-FkmRuMuyzQVZOLXi8F7Z00W4kmG20AWfYNqbgJDoe1JAWIuRQKHzzz-pDkce9gJWC5wMUswzFvk6Lg-QyP-OR85Jne_mhlrRPrORhGMz79iKC3-OSWKX9VhsbRPhJd,4.1,743,1,"1005 Pearl St, Boulder"
The Coffee Stand,40.0144043,-105.2783939,ChIJT6MpjyXsa4cRcJujiiifyQo,cafe,AeeoHcLymC_U-NRGftSRHygYNl5QaCbz_9xLBQg2kFlgLXnfnZI4pZ7rHtVHYT6_GfHmveXfUOmFh9Vy_akgYEhhujcXj2LP-D7YMA0gQpthq-ZX7ZHL3n2X1eLqp7pDJ8J0H5f0REoei2uwyrfr0NCyht50uRAnBSn4BdBR3dEFRo0uRrfjPLdwW4T4on2oCoc48FRFHLYOGOf-UHlyxQOux2rxeEuZuwD732IJ4FJiaA3ciy9KOyfjKtPxOq10rY51ipkwRSgkiwHEJLDSlqz8FHvz6kgJYYb__JHAU8WJabquTIlOKZXiMxj_dF-N7hd7C_A8glWX6B-Qeddx0Tj-o7hYHfmN_59izdBQSrVwP5C7Meh5ctYF8f9ArcE6jPOjf1NdmC9aZawEe2_4iYsUlIObYnPlxQHG3hpiTubAZ07TofXgC5FmWMdTcAgNWOfFWJwDUr7kiyrLqjZt26-W6oQMhQ_wNwVwf_i4YB0k397Q7hjrAZceUzvIUuymfO6d8sBQdLW0z1xyjuSuOj7GWG4w4wLSaQTZrjPJU8cBRmjFCQEnN9n1Gy9dnrLcKOEj3obf2SiT6UbRhA,4.1,100,0,"1201 Arapahoe Ave, Boulder"
Gracia Coffee at Rosetta Hall,40.01697310000001,-105.280676,ChIJT7Ojd4rta4cRl1amjaoYrPI,cafe,AeeoHcKzInVTNJqt7KDrw4mxrRUBi5DM3UYQpo1dt9jnRmBqwWshb9Fww6URaIQcL90PZy_Vabv_KF9wU_IJK5QE6zIQzv8k2Ld7jz4ezxlDltWwpiFz3eLjzxxGxQ2FNwoKawz7U_UJyMetZXfYRF_89HfSefz54Y480j-6O8RQySWquAHjXBz378lL3jSaX3soJ8r6cA-XNpRJWh67etkFAtnOCaFByFCJIITkMxhfYHwB77Q9pYs9beJe73icPQDZwdiFeQk9JzvMEl5RmUFo-AxOFwMjMqGCjZUQZDJPtv9qDHnMotM,4.0,8,0,"1109 Walnut St, Boulder"
Capital One Café,40.0182893,-105.2789676,ChIJM2nRMybsa4cRReuqhisklD0,cafe,AeeoHcLdQb4HufjSPWuk_uQLHwbcTW83BfY4jZ05ibht-v-XJJtJUgCEdyssPcCzSCHcmgsMApzi5rChPsk_79GIZ-7ru2Y1WxNvkBKn-xg4lJ-9-VYZoBFrQIF_WFRJCWzyYVrz5DwQGgYmcklWWX3Yno986VeOsNqeX9pHI0tYYZpfK_FqC6LsS9PAjLiY-YIPOvFX_0mbrT-nl0sU2rniAchzD5PEegfHGaAmXjYb1P7_gRj1xkqmVH1-4LHd1Fw35P13Fs8zFBFnBY1Vx3AjvbZtHQxTrhdzk_4qxvMtYhT80j6rvpPlwgEz5niqguPoEm2bQT2AcUSdGJH--lUVNYgliMbJNQgOEBS544clDDrIgjaenmRLPbysFy45prf5pSz_0qfogC6oFsWSpDtiHm-9HziQtZ8_cP4iaUjSmU8d4t7xgnzd6l9Xi2LyVdTIeGodwxKhEUGL6JCqApOxUAXKD4ffMuFkEowiW1r1xbKeylywGNmv1Y_ssj3GxPDRo_KSzO2W_iRSaxTHXZKA238NdzXZZntmL79ZnQKP6qZzyD_-uk66WNA7_GVknEtncMVuIvMi,3.9,133,1,"1247 Pearl St, Boulder"
WFM Coffee Bar,40.0259434,-105.2808467,ChIJy-hKh5zua4cRbnJZ8k6KUWk,cafe,,3.3,7,2,"1275 Alpine Ave., Boulder"
The Lab Bar & Bites,40.0083475,-105.2765761,ChIJtbjFOqDta4cRB2ZqSFm3zXU,restaurant,AeeoHcLHhOis9RF-iIVfcibdCHC3Ds4nZb-uThS9eIAhrf8FYJKQ64vffuUkPPNzwhJqovIoDeSDtghQnQPduchB1FWJTVYuCdxKgUofxS1MnTtHloVGJdttoKlofmukMuZszmGPrQPtXfPdVZB58QEqnH6CjbUS1KUDAbfhxEDmuzMHtYg9ySWZurxf6MZHil50cb9T_sIXTTEwFkrkz5smrxRn0dSkJ-1tVC-iFNU3WAfYfkBFKGVrRHrxfHX4dsqK2LDOfIz2rmvGpiEsQZKWOzyy97jgUUOmk5rXd6arrElUvQYbgEQ,3.0,2,1,"1155 13th St, Boulder"
